sensor_type,device_type,timestamps,lux
TCS3400 ALS,smartphone,1528370171480000000,499.0
TCS3400 ALS,smartphone,1528370172704000000,496.0
TCS3400 ALS,smartphone,1528370173112000000,499.0
TCS3400 ALS,smartphone,1528370173317000000,501.0
TCS3400 ALS,smartphone,1528370173522000000,505.0
TCS3400 ALS,smartphone,1528370173726000000,507.0
TCS3400 ALS,smartphone,1528370173930000000,505.0
TCS3400 ALS,smartphone,1528370174339000000,507.0
TCS3400 ALS,smartphone,1528370174748000000,510.0
TCS3400 ALS,smartphone,1528370175156000000,505.0
TCS3400 ALS,smartphone,1528370175566000000,508.0
TCS3400 ALS,smartphone,1528370175769000000,510.0
TCS3400 ALS,smartphone,1528370175974000000,508.0
TCS3400 ALS,smartphone,1528370176996000000,507.0
TCS3400 ALS,smartphone,1528370177405000000,508.0
TCS3400 ALS,smartphone,1528370177609000000,507.0
TCS3400 ALS,smartphone,1528370178631000000,505.0
TCS3400 ALS,smartphone,1528370179039000000,507.0
TCS3400 ALS,smartphone,1528370179244000000,508.0
TCS3400 ALS,smartphone,1528370179448000000,507.0
TCS3400 ALS,smartphone,1528370179652000000,505.0
TCS3400 ALS,smartphone,1528370179857000000,507.0
TCS3400 ALS,smartphone,1528370180062000000,512.0
TCS3400 ALS,smartphone,1528370180470000000,511.0
TCS3400 ALS,smartphone,1528370180675000000,512.0
TCS3400 ALS,smartphone,1528370181083000000,514.0
TCS3400 ALS,smartphone,1528370181288000000,515.0
TCS3400 ALS,smartphone,1528370181492000000,514.0
TCS3400 ALS,smartphone,1528370181696000000,515.0
TCS3400 ALS,smartphone,1528370181900000000,514.0
TCS3400 ALS,smartphone,1528370182310000000,511.0
TCS3400 ALS,smartphone,1528370182514000000,517.0
TCS3400 ALS,smartphone,1528370183332000000,515.0
TCS3400 ALS,smartphone,1528370184149000000,514.0
TCS3400 ALS,smartphone,1528370184967000000,515.0
TCS3400 ALS,smartphone,1528370185784000000,514.0
TCS3400 ALS,smartphone,1528370186397000000,515.0
TCS3400 ALS,smartphone,1528370186602000000,517.0
TCS3400 ALS,smartphone,1528370186806000000,515.0
TCS3400 ALS,smartphone,1528370187623000000,517.0
TCS3400 ALS,smartphone,1528370189463000000,514.0
TCS3400 ALS,smartphone,1528370189667000000,515.0
TCS3400 ALS,smartphone,1528370190076000000,517.0
TCS3400 ALS,smartphone,1528370191506000000,518.0
TCS3400 ALS,smartphone,1528370191710000000,517.0
TCS3400 ALS,smartphone,1528370192528000000,518.0
TCS3400 ALS,smartphone,1528370192732000000,517.0
TCS3400 ALS,smartphone,1528370192936000000,515.0
TCS3400 ALS,smartphone,1528370193141000000,517.0
TCS3400 ALS,smartphone,1528370193345000000,515.0
TCS3400 ALS,smartphone,1528370193550000000,517.0
TCS3400 ALS,smartphone,1528370195798000000,518.0
TCS3400 ALS,smartphone,1528370196410000000,517.0
TCS3400 ALS,smartphone,1528370200702000000,515.0
TCS3400 ALS,smartphone,1528370201111000000,514.0
TCS3400 ALS,smartphone,1528370201315000000,515.0
TCS3400 ALS,smartphone,1528370201520000000,514.0
TCS3400 ALS,smartphone,1528370201929000000,512.0
TCS3400 ALS,smartphone,1528370202338000000,515.0
TCS3400 ALS,smartphone,1528370202541000000,517.0
TCS3400 ALS,smartphone,1528370202950000000,518.0
TCS3400 ALS,smartphone,1528370203154000000,517.0
TCS3400 ALS,smartphone,1528370203359000000,510.0
TCS3400 ALS,smartphone,1528370203563000000,496.0
TCS3400 ALS,smartphone,1528370203767000000,493.0
TCS3400 ALS,smartphone,1528370203972000000,500.0
TCS3400 ALS,smartphone,1528370204176000000,507.0
TCS3400 ALS,smartphone,1528370204381000000,512.0
TCS3400 ALS,smartphone,1528370204585000000,514.0
TCS3400 ALS,smartphone,1528370204789000000,518.0
TCS3400 ALS,smartphone,1528370205198000000,517.0
TCS3400 ALS,smartphone,1528370205606000000,515.0
TCS3400 ALS,smartphone,1528370205811000000,518.0
TCS3400 ALS,smartphone,1528370206015000000,519.0
TCS3400 ALS,smartphone,1528370206220000000,518.0
TCS3400 ALS,smartphone,1528370208877000000,517.0
TCS3400 ALS,smartphone,1528370209286000000,515.0
TCS3400 ALS,smartphone,1528370210103000000,517.0
TCS3400 ALS,smartphone,1528370210512000000,515.0
TCS3400 ALS,smartphone,1528370210920000000,517.0
TCS3400 ALS,smartphone,1528370211125000000,515.0
TCS3400 ALS,smartphone,1528370211328000000,517.0
TCS3400 ALS,smartphone,1528370211737000000,515.0
TCS3400 ALS,smartphone,1528370211942000000,517.0
TCS3400 ALS,smartphone,1528370212146000000,515.0
TCS3400 ALS,smartphone,1528370212350000000,517.0
TCS3400 ALS,smartphone,1528370212555000000,515.0
TCS3400 ALS,smartphone,1528370213373000000,517.0
TCS3400 ALS,smartphone,1528370213578000000,515.0
TCS3400 ALS,smartphone,1528370215212000000,514.0
TCS3400 ALS,smartphone,1528370215417000000,512.0
TCS3400 ALS,smartphone,1528370215621000000,511.0
TCS3400 ALS,smartphone,1528370215825000000,510.0
TCS3400 ALS,smartphone,1528370216029000000,508.0
TCS3400 ALS,smartphone,1528370216234000000,507.0
TCS3400 ALS,smartphone,1528370216438000000,505.0
TCS3400 ALS,smartphone,1528370217052000000,507.0
TCS3400 ALS,smartphone,1528370217256000000,505.0
TCS3400 ALS,smartphone,1528370218073000000,507.0
TCS3400 ALS,smartphone,1528370218277000000,505.0
TCS3400 ALS,smartphone,1528370218686000000,507.0
TCS3400 ALS,smartphone,1528370218890000000,500.0
TCS3400 ALS,smartphone,1528370219094000000,501.0
TCS3400 ALS,smartphone,1528370219299000000,504.0
TCS3400 ALS,smartphone,1528370219503000000,503.0
TCS3400 ALS,smartphone,1528370219708000000,501.0
TCS3400 ALS,smartphone,1528370220525000000,500.0
TCS3400 ALS,smartphone,1528370220729000000,501.0
TCS3400 ALS,smartphone,1528370220934000000,497.0
TCS3400 ALS,smartphone,1528370221138000000,493.0
TCS3400 ALS,smartphone,1528370221343000000,492.0
TCS3400 ALS,smartphone,1528370221751000000,490.0
TCS3400 ALS,smartphone,1528370221955000000,492.0
TCS3400 ALS,smartphone,1528370222364000000,494.0
TCS3400 ALS,smartphone,1528370222978000000,496.0
TCS3400 ALS,smartphone,1528370223182000000,494.0
TCS3400 ALS,smartphone,1528370223387000000,496.0
TCS3400 ALS,smartphone,1528370224204000000,494.0
TCS3400 ALS,smartphone,1528370224408000000,493.0
TCS3400 ALS,smartphone,1528370224817000000,497.0
TCS3400 ALS,smartphone,1528370225225000000,496.0
TCS3400 ALS,smartphone,1528370225634000000,503.0
TCS3400 ALS,smartphone,1528370225838000000,510.0
TCS3400 ALS,smartphone,1528370226043000000,514.0
TCS3400 ALS,smartphone,1528370226248000000,515.0
TCS3400 ALS,smartphone,1528370226656000000,517.0
TCS3400 ALS,smartphone,1528370227473000000,515.0
TCS3400 ALS,smartphone,1528370227883000000,517.0
TCS3400 ALS,smartphone,1528370232174000000,515.0
TCS3400 ALS,smartphone,1528370232378000000,517.0
TCS3400 ALS,smartphone,1528370232991000000,515.0
TCS3400 ALS,smartphone,1528370233400000000,517.0
TCS3400 ALS,smartphone,1528370233604000000,515.0
TCS3400 ALS,smartphone,1528370234421000000,517.0
TCS3400 ALS,smartphone,1528370235239000000,515.0
TCS3400 ALS,smartphone,1528370235443000000,517.0
TCS3400 ALS,smartphone,1528370236261000000,515.0
TCS3400 ALS,smartphone,1528370237282000000,517.0
TCS3400 ALS,smartphone,1528370237486000000,515.0
TCS3400 ALS,smartphone,1528370238304000000,517.0
TCS3400 ALS,smartphone,1528370238509000000,515.0
TCS3400 ALS,smartphone,1528370238712000000,517.0
TCS3400 ALS,smartphone,1528370239121000000,515.0
TCS3400 ALS,smartphone,1528370239326000000,517.0
TCS3400 ALS,smartphone,1528370241574000000,515.0
TCS3400 ALS,smartphone,1528370241777000000,517.0
TCS3400 ALS,smartphone,1528370242186000000,515.0
TCS3400 ALS,smartphone,1528370242391000000,517.0
TCS3400 ALS,smartphone,1528370243004000000,515.0
TCS3400 ALS,smartphone,1528370243208000000,517.0
TCS3400 ALS,smartphone,1528370245456000000,515.0
TCS3400 ALS,smartphone,1528370245660000000,517.0
TCS3400 ALS,smartphone,1528370246069000000,515.0
TCS3400 ALS,smartphone,1528370246682000000,517.0
TCS3400 ALS,smartphone,1528370246886000000,515.0
TCS3400 ALS,smartphone,1528370248317000000,517.0
TCS3400 ALS,smartphone,1528370248521000000,515.0
TCS3400 ALS,smartphone,1528370250361000000,517.0
TCS3400 ALS,smartphone,1528370250565000000,515.0
TCS3400 ALS,smartphone,1528370250769000000,517.0
TCS3400 ALS,smartphone,1528370251382000000,515.0
TCS3400 ALS,smartphone,1528370251995000000,517.0
TCS3400 ALS,smartphone,1528370252609000000,515.0
TCS3400 ALS,smartphone,1528370253016000000,517.0
TCS3400 ALS,smartphone,1528370253221000000,515.0
TCS3400 ALS,smartphone,1528370254652000000,517.0
TCS3400 ALS,smartphone,1528370254856000000,515.0
TCS3400 ALS,smartphone,1528370255061000000,517.0
TCS3400 ALS,smartphone,1528370255674000000,515.0
TCS3400 ALS,smartphone,1528370257512000000,517.0
TCS3400 ALS,smartphone,1528370258125000000,515.0
TCS3400 ALS,smartphone,1528370258330000000,517.0
TCS3400 ALS,smartphone,1528370258739000000,518.0
TCS3400 ALS,smartphone,1528370259147000000,519.0
TCS3400 ALS,smartphone,1528370259352000000,518.0
TCS3400 ALS,smartphone,1528370259760000000,517.0
TCS3400 ALS,smartphone,1528370259965000000,518.0
TCS3400 ALS,smartphone,1528370261804000000,517.0
TCS3400 ALS,smartphone,1528370262008000000,515.0
TCS3400 ALS,smartphone,1528370262213000000,514.0
TCS3400 ALS,smartphone,1528370262416000000,515.0
TCS3400 ALS,smartphone,1528370263234000000,514.0
TCS3400 ALS,smartphone,1528370263642000000,512.0
TCS3400 ALS,smartphone,1528370264257000000,511.0
TCS3400 ALS,smartphone,1528370264460000000,514.0
TCS3400 ALS,smartphone,1528370264665000000,515.0
TCS3400 ALS,smartphone,1528370265278000000,517.0
TCS3400 ALS,smartphone,1528370266913000000,515.0
TCS3400 ALS,smartphone,1528370267526000000,517.0
TCS3400 ALS,smartphone,1528370268138000000,515.0
TCS3400 ALS,smartphone,1528370268344000000,517.0
TCS3400 ALS,smartphone,1528370268956000000,518.0
TCS3400 ALS,smartphone,1528370269161000000,517.0
TCS3400 ALS,smartphone,1528370269365000000,515.0
TCS3400 ALS,smartphone,1528370269977000000,514.0
TCS3400 ALS,smartphone,1528370270182000000,517.0
TCS3400 ALS,smartphone,1528370271408000000,518.0
TCS3400 ALS,smartphone,1528370271612000000,517.0
TCS3400 ALS,smartphone,1528370272022000000,518.0
TCS3400 ALS,smartphone,1528370274473000000,517.0
TCS3400 ALS,smartphone,1528370275291000000,518.0
TCS3400 ALS,smartphone,1528370275495000000,517.0
TCS3400 ALS,smartphone,1528370275699000000,518.0
TCS3400 ALS,smartphone,1528370275903000000,517.0
TCS3400 ALS,smartphone,1528370276313000000,518.0
TCS3400 ALS,smartphone,1528370276926000000,517.0
TCS3400 ALS,smartphone,1528370277335000000,515.0
TCS3400 ALS,smartphone,1528370278151000000,517.0
TCS3400 ALS,smartphone,1528370278356000000,515.0
TCS3400 ALS,smartphone,1528370279378000000,517.0
TCS3400 ALS,smartphone,1528370279991000000,515.0
TCS3400 ALS,smartphone,1528370280195000000,517.0
TCS3400 ALS,smartphone,1528370280808000000,514.0
TCS3400 ALS,smartphone,1528370281012000000,511.0
TCS3400 ALS,smartphone,1528370281217000000,508.0
TCS3400 ALS,smartphone,1528370281421000000,507.0
TCS3400 ALS,smartphone,1528370281626000000,505.0
TCS3400 ALS,smartphone,1528370281830000000,504.0
TCS3400 ALS,smartphone,1528370282035000000,500.0
TCS3400 ALS,smartphone,1528370282238000000,499.0
TCS3400 ALS,smartphone,1528370282443000000,503.0
TCS3400 ALS,smartphone,1528370282647000000,504.0
TCS3400 ALS,smartphone,1528370283465000000,507.0
TCS3400 ALS,smartphone,1528370283669000000,508.0
TCS3400 ALS,smartphone,1528370283874000000,510.0
TCS3400 ALS,smartphone,1528370284077000000,511.0
TCS3400 ALS,smartphone,1528370284487000000,512.0
TCS3400 ALS,smartphone,1528370285100000000,511.0
TCS3400 ALS,smartphone,1528370285304000000,512.0
TCS3400 ALS,smartphone,1528370286530000000,511.0
TCS3400 ALS,smartphone,1528370286734000000,512.0
TCS3400 ALS,smartphone,1528370287347000000,510.0
TCS3400 ALS,smartphone,1528370287552000000,511.0
TCS3400 ALS,smartphone,1528370288164000000,510.0
TCS3400 ALS,smartphone,1528370288573000000,508.0
TCS3400 ALS,smartphone,1528370288778000000,511.0
TCS3400 ALS,smartphone,1528370288981000000,514.0
TCS3400 ALS,smartphone,1528370289390000000,515.0
TCS3400 ALS,smartphone,1528370294295000000,517.0
TCS3400 ALS,smartphone,1528370294907000000,515.0
TCS3400 ALS,smartphone,1528370295316000000,517.0
TCS3400 ALS,smartphone,1528370295725000000,515.0
TCS3400 ALS,smartphone,1528370297360000000,517.0
TCS3400 ALS,smartphone,1528370297564000000,515.0
TCS3400 ALS,smartphone,1528370303490000000,517.0
TCS3400 ALS,smartphone,1528370307577000000,515.0
TCS3400 ALS,smartphone,1528370307781000000,517.0
TCS3400 ALS,smartphone,1528370309212000000,515.0
TCS3400 ALS,smartphone,1528370309416000000,517.0
TCS3400 ALS,smartphone,1528370309621000000,515.0
TCS3400 ALS,smartphone,1528370310438000000,517.0
TCS3400 ALS,smartphone,1528370310643000000,515.0
TCS3400 ALS,smartphone,1528370311051000000,517.0
TCS3400 ALS,smartphone,1528370311460000000,515.0
TCS3400 ALS,smartphone,1528370313095000000,517.0
TCS3400 ALS,smartphone,1528370313298000000,515.0
TCS3400 ALS,smartphone,1528370314116000000,517.0
TCS3400 ALS,smartphone,1528370317182000000,515.0
TCS3400 ALS,smartphone,1528370317794000000,517.0
TCS3400 ALS,smartphone,1528370319838000000,515.0
TCS3400 ALS,smartphone,1528370320246000000,517.0
TCS3400 ALS,smartphone,1528370323925000000,515.0
TCS3400 ALS,smartphone,1528370324742000000,517.0
TCS3400 ALS,smartphone,1528370324947000000,515.0
TCS3400 ALS,smartphone,1528370325151000000,517.0
TCS3400 ALS,smartphone,1528370326172000000,518.0
TCS3400 ALS,smartphone,1528370326377000000,517.0
TCS3400 ALS,smartphone,1528370336594000000,515.0
TCS3400 ALS,smartphone,1528370336798000000,517.0
TCS3400 ALS,smartphone,1528370337411000000,515.0
TCS3400 ALS,smartphone,1528370337615000000,517.0
TCS3400 ALS,smartphone,1528370338024000000,515.0
TCS3400 ALS,smartphone,1528370338229000000,517.0
TCS3400 ALS,smartphone,1528370338432000000,518.0
TCS3400 ALS,smartphone,1528370338841000000,517.0
TCS3400 ALS,smartphone,1528370340476000000,515.0
TCS3400 ALS,smartphone,1528370341089000000,517.0
TCS3400 ALS,smartphone,1528370344563000000,515.0
TCS3400 ALS,smartphone,1528370344767000000,517.0
TCS3400 ALS,smartphone,1528370345176000000,518.0
TCS3400 ALS,smartphone,1528370348037000000,517.0
TCS3400 ALS,smartphone,1528370348445000000,518.0
TCS3400 ALS,smartphone,1528370348649000000,517.0
TCS3400 ALS,smartphone,1528370351101000000,518.0
TCS3400 ALS,smartphone,1528370351510000000,517.0
TCS3400 ALS,smartphone,1528370351715000000,518.0
TCS3400 ALS,smartphone,1528370351920000000,517.0
TCS3400 ALS,smartphone,1528370352124000000,518.0
TCS3400 ALS,smartphone,1528370352329000000,517.0
TCS3400 ALS,smartphone,1528370356006000000,518.0
TCS3400 ALS,smartphone,1528370356415000000,517.0
TCS3400 ALS,smartphone,1528370357231000000,518.0
TCS3400 ALS,smartphone,1528370357436000000,517.0
TCS3400 ALS,smartphone,1528370359275000000,518.0
TCS3400 ALS,smartphone,1528370359480000000,517.0
TCS3400 ALS,smartphone,1528370359889000000,518.0
TCS3400 ALS,smartphone,1528370360502000000,517.0
TCS3400 ALS,smartphone,1528370361523000000,518.0
TCS3400 ALS,smartphone,1528370361728000000,517.0
TCS3400 ALS,smartphone,1528370364385000000,515.0
TCS3400 ALS,smartphone,1528370364793000000,517.0
TCS3400 ALS,smartphone,1528370366019000000,518.0
TCS3400 ALS,smartphone,1528370366223000000,517.0
TCS3400 ALS,smartphone,1528370367858000000,518.0
TCS3400 ALS,smartphone,1528370368062000000,517.0
TCS3400 ALS,smartphone,1528370369289000000,518.0
TCS3400 ALS,smartphone,1528370369697000000,517.0
TCS3400 ALS,smartphone,1528370370719000000,515.0
TCS3400 ALS,smartphone,1528370370923000000,517.0
TCS3400 ALS,smartphone,1528370375827000000,515.0
TCS3400 ALS,smartphone,1528370376441000000,517.0
TCS3400 ALS,smartphone,1528370377666000000,515.0
TCS3400 ALS,smartphone,1528370378280000000,517.0
TCS3400 ALS,smartphone,1528370379096000000,518.0
TCS3400 ALS,smartphone,1528370380323000000,517.0
TCS3400 ALS,smartphone,1528370380527000000,518.0
TCS3400 ALS,smartphone,1528370381140000000,517.0
TCS3400 ALS,smartphone,1528370382979000000,518.0
TCS3400 ALS,smartphone,1528370383183000000,517.0
TCS3400 ALS,smartphone,1528370383797000000,518.0
TCS3400 ALS,smartphone,1528370385227000000,517.0
TCS3400 ALS,smartphone,1528370385431000000,518.0
TCS3400 ALS,smartphone,1528370386453000000,517.0
TCS3400 ALS,smartphone,1528370386658000000,518.0
TCS3400 ALS,smartphone,1528370387883000000,517.0
TCS3400 ALS,smartphone,1528370388088000000,518.0
TCS3400 ALS,smartphone,1528370388292000000,517.0
TCS3400 ALS,smartphone,1528370388701000000,518.0
TCS3400 ALS,smartphone,1528370388905000000,517.0
TCS3400 ALS,smartphone,1528370389109000000,518.0
TCS3400 ALS,smartphone,1528370389519000000,517.0
TCS3400 ALS,smartphone,1528370389723000000,518.0
TCS3400 ALS,smartphone,1528370389928000000,517.0
TCS3400 ALS,smartphone,1528370392379000000,518.0
TCS3400 ALS,smartphone,1528370392584000000,517.0
TCS3400 ALS,smartphone,1528370393605000000,515.0
TCS3400 ALS,smartphone,1528370394013000000,517.0
TCS3400 ALS,smartphone,1528370394218000000,515.0
TCS3400 ALS,smartphone,1528370395240000000,517.0
TCS3400 ALS,smartphone,1528370395444000000,515.0
TCS3400 ALS,smartphone,1528370395853000000,517.0
TCS3400 ALS,smartphone,1528370396466000000,515.0
TCS3400 ALS,smartphone,1528370396671000000,517.0
TCS3400 ALS,smartphone,1528370398510000000,518.0
TCS3400 ALS,smartphone,1528370399123000000,515.0
TCS3400 ALS,smartphone,1528370399326000000,514.0
TCS3400 ALS,smartphone,1528370399531000000,515.0
TCS3400 ALS,smartphone,1528370400348000000,517.0
TCS3400 ALS,smartphone,1528370400553000000,515.0
TCS3400 ALS,smartphone,1528370401166000000,517.0
TCS3400 ALS,smartphone,1528370401779000000,515.0
TCS3400 ALS,smartphone,1528370401983000000,517.0
TCS3400 ALS,smartphone,1528370403618000000,515.0
TCS3400 ALS,smartphone,1528370403823000000,514.0
TCS3400 ALS,smartphone,1528370404026000000,511.0
TCS3400 ALS,smartphone,1528370404232000000,510.0
TCS3400 ALS,smartphone,1528370404435000000,505.0
TCS3400 ALS,smartphone,1528370437132000000,511.0
TCS3400 ALS,smartphone,1528370437335000000,512.0
TCS3400 ALS,smartphone,1528370437539000000,514.0
TCS3400 ALS,smartphone,1528370437743000000,515.0
TCS3400 ALS,smartphone,1528370437948000000,512.0
TCS3400 ALS,smartphone,1528370438152000000,514.0
TCS3400 ALS,smartphone,1528370438356000000,515.0
TCS3400 ALS,smartphone,1528370438561000000,512.0
TCS3400 ALS,smartphone,1528370438765000000,500.0
TCS3400 ALS,smartphone,1528370438969000000,496.0
TCS3400 ALS,smartphone,1528370439787000000,483.0
TCS3400 ALS,smartphone,1528370439991000000,469.0
TCS3400 ALS,smartphone,1528370440196000000,473.0
TCS3400 ALS,smartphone,1528370440400000000,448.0
TCS3400 ALS,smartphone,1528370440604000000,382.0
TCS3400 ALS,smartphone,1528370440808000000,305.0
TCS3400 ALS,smartphone,1528370441013000000,278.0
TCS3400 ALS,smartphone,1528370441217000000,266.0
TCS3400 ALS,smartphone,1528370441421000000,315.0
TCS3400 ALS,smartphone,1528370441626000000,351.0
TCS3400 ALS,smartphone,1528370441830000000,380.0
TCS3400 ALS,smartphone,1528370442034000000,425.0
TCS3400 ALS,smartphone,1528370442238000000,410.0
TCS3400 ALS,smartphone,1528370442442000000,401.0
TCS3400 ALS,smartphone,1528370442852000000,378.0
TCS3400 ALS,smartphone,1528370443056000000,351.0
TCS3400 ALS,smartphone,1528370443261000000,371.0
TCS3400 ALS,smartphone,1528370443464000000,360.0
TCS3400 ALS,smartphone,1528370443669000000,382.0
TCS3400 ALS,smartphone,1528370443874000000,400.0
TCS3400 ALS,smartphone,1528370444078000000,414.0
TCS3400 ALS,smartphone,1528370444282000000,446.0
TCS3400 ALS,smartphone,1528370444487000000,486.0
TCS3400 ALS,smartphone,1528370444691000000,515.0
TCS3400 ALS,smartphone,1528370444895000000,524.0
TCS3400 ALS,smartphone,1528370445099000000,517.0
TCS3400 ALS,smartphone,1528370445303000000,497.0
TCS3400 ALS,smartphone,1528370445508000000,464.0
TCS3400 ALS,smartphone,1528370445712000000,423.0
TCS3400 ALS,smartphone,1528370445917000000,379.0
TCS3400 ALS,smartphone,1528370446121000000,330.0
TCS3400 ALS,smartphone,1528370446326000000,308.0
TCS3400 ALS,smartphone,1528370446530000000,240.0
TCS3400 ALS,smartphone,1528370446735000000,155.0
TCS3400 ALS,smartphone,1528370446938000000,157.0
TCS3400 ALS,smartphone,1528370447143000000,145.0
TCS3400 ALS,smartphone,1528370447347000000,87.0
TCS3400 ALS,smartphone,1528370447551000000,36.0
TCS3400 ALS,smartphone,1528370447755000000,34.0
TCS3400 ALS,smartphone,1528370447960000000,33.0
TCS3400 ALS,smartphone,1528370448165000000,52.0
TCS3400 ALS,smartphone,1528370448369000000,61.0
TCS3400 ALS,smartphone,1528370448573000000,38.0
TCS3400 ALS,smartphone,1528370448777000000,26.0
TCS3400 ALS,smartphone,1528370449186000000,22.0
TCS3400 ALS,smartphone,1528370449391000000,0.0
TCS3400 ALS,smartphone,1528370451069000000,0.0
TCS3400 ALS,smartphone,1528370499500000000,13.0
TCS3400 ALS,smartphone,1528370499704000000,63.0
TCS3400 ALS,smartphone,1528370499908000000,27.0
TCS3400 ALS,smartphone,1528370500113000000,43.0
TCS3400 ALS,smartphone,1528370500318000000,137.0
TCS3400 ALS,smartphone,1528370500522000000,237.0
TCS3400 ALS,smartphone,1528370500726000000,257.0
TCS3400 ALS,smartphone,1528370500930000000,259.0
TCS3400 ALS,smartphone,1528370501134000000,258.0
TCS3400 ALS,smartphone,1528370501339000000,261.0
TCS3400 ALS,smartphone,1528370501543000000,259.0
TCS3400 ALS,smartphone,1528370501747000000,258.0
TCS3400 ALS,smartphone,1528370501952000000,241.0
TCS3400 ALS,smartphone,1528370502156000000,237.0
TCS3400 ALS,smartphone,1528370502360000000,246.0
TCS3400 ALS,smartphone,1528370502565000000,222.0
TCS3400 ALS,smartphone,1528370502974000000,214.0
TCS3400 ALS,smartphone,1528370503178000000,209.0
TCS3400 ALS,smartphone,1528370503382000000,218.0
TCS3400 ALS,smartphone,1528370503587000000,189.0
TCS3400 ALS,smartphone,1528370503791000000,104.0
TCS3400 ALS,smartphone,1528370503996000000,18.0
TCS3400 ALS,smartphone,1528370504200000000,9.0
TCS3400 ALS,smartphone,1528370504404000000,15.0
TCS3400 ALS,smartphone,1528370504609000000,19.0
TCS3400 ALS,smartphone,1528370504813000000,77.0
TCS3400 ALS,smartphone,1528370505017000000,84.0
TCS3400 ALS,smartphone,1528370505222000000,38.0
TCS3400 ALS,smartphone,1528370505426000000,22.0
TCS3400 ALS,smartphone,1528370505631000000,41.0
TCS3400 ALS,smartphone,1528370505835000000,36.0
TCS3400 ALS,smartphone,1528370506039000000,13.0
TCS3400 ALS,smartphone,1528370506244000000,11.0
TCS3400 ALS,smartphone,1528370506448000000,4.0
TCS3400 ALS,smartphone,1528370506652000000,0.0
TCS3400 ALS,smartphone,1528370507388000000,0.0
TCS3400 ALS,smartphone,1528370589540000000,1.0
TCS3400 ALS,smartphone,1528370589745000000,55.0
TCS3400 ALS,smartphone,1528370589949000000,104.0
TCS3400 ALS,smartphone,1528370590153000000,269.0
TCS3400 ALS,smartphone,1528370590357000000,176.0
TCS3400 ALS,smartphone,1528370590564000000,152.0
TCS3400 ALS,smartphone,1528370590971000000,84.0
TCS3400 ALS,smartphone,1528370591175000000,100.0
TCS3400 ALS,smartphone,1528370591379000000,129.0
TCS3400 ALS,smartphone,1528370591584000000,134.0
TCS3400 ALS,smartphone,1528370591788000000,148.0
TCS3400 ALS,smartphone,1528370591993000000,133.0
TCS3400 ALS,smartphone,1528370592197000000,154.0
TCS3400 ALS,smartphone,1528370592401000000,158.0
TCS3400 ALS,smartphone,1528370592606000000,154.0
TCS3400 ALS,smartphone,1528370592810000000,126.0
TCS3400 ALS,smartphone,1528370593014000000,86.0
TCS3400 ALS,smartphone,1528370593218000000,72.0
TCS3400 ALS,smartphone,1528370593423000000,76.0
TCS3400 ALS,smartphone,1528370593628000000,134.0
TCS3400 ALS,smartphone,1528370593832000000,107.0
TCS3400 ALS,smartphone,1528370594036000000,5.0
TCS3400 ALS,smartphone,1528370594241000000,23.0
TCS3400 ALS,smartphone,1528370594445000000,40.0
TCS3400 ALS,smartphone,1528370594650000000,8.0
TCS3400 ALS,smartphone,1528370594853000000,37.0
TCS3400 ALS,smartphone,1528370595058000000,36.0
TCS3400 ALS,smartphone,1528370595263000000,20.0
TCS3400 ALS,smartphone,1528370595467000000,5.0
TCS3400 ALS,smartphone,1528370595671000000,2.0
TCS3400 ALS,smartphone,1528370595876000000,0.0
TCS3400 ALS,smartphone,1528370597150000000,0.0
TCS3400 ALS,smartphone,1528370630870000000,1740.0
TCS3400 ALS,smartphone,1528370631074000000,32767.0
TCS3400 ALS,smartphone,1528370631483000000,11702.0
TCS3400 ALS,smartphone,1528370631687000000,32767.0
TCS3400 ALS,smartphone,1528370632300000000,21885.0
TCS3400 ALS,smartphone,1528370632505000000,29074.0
TCS3400 ALS,smartphone,1528370632709000000,32767.0
TCS3400 ALS,smartphone,1528370632709000000,32767.0
TCS3400 ALS,smartphone,1528370632710000000,32767.0
TCS3400 ALS,smartphone,1528370641293000000,11163.0
TCS3400 ALS,smartphone,1528370641497000000,6227.0
TCS3400 ALS,smartphone,1528370641702000000,5694.0
TCS3400 ALS,smartphone,1528370641906000000,5786.0
TCS3400 ALS,smartphone,1528370642110000000,5712.0
TCS3400 ALS,smartphone,1528370642315000000,5357.0
TCS3400 ALS,smartphone,1528370642519000000,5921.0
TCS3400 ALS,smartphone,1528370642723000000,29651.0
TCS3400 ALS,smartphone,1528370642927000000,32767.0
TCS3400 ALS,smartphone,1528370643540000000,32599.0
TCS3400 ALS,smartphone,1528370643745000000,20267.0
TCS3400 ALS,smartphone,1528370643949000000,4524.0
TCS3400 ALS,smartphone,1528370644154000000,1424.0
TCS3400 ALS,smartphone,1528370644358000000,10722.0
TCS3400 ALS,smartphone,1528370644562000000,5539.0
TCS3400 ALS,smartphone,1528370644766000000,9426.0
TCS3400 ALS,smartphone,1528370644971000000,654.0
TCS3400 ALS,smartphone,1528370645176000000,3743.0
TCS3400 ALS,smartphone,1528370646606000000,111.0
TCS3400 ALS,smartphone,1528370646810000000,515.0
TCS3400 ALS,smartphone,1528370647014000000,2.0
TCS3400 ALS,smartphone,1528370647269000000,0.0
TCS3400 ALS,smartphone,1528370647678000000,1.0
TCS3400 ALS,smartphone,1528370648291000000,38.0
TCS3400 ALS,smartphone,1528370648495000000,22.0
TCS3400 ALS,smartphone,1528370648700000000,40.0
TCS3400 ALS,smartphone,1528370649108000000,18.0
TCS3400 ALS,smartphone,1528370649518000000,19.0
TCS3400 ALS,smartphone,1528370649926000000,2.0
TCS3400 ALS,smartphone,1528370654626000000,5.0
TCS3400 ALS,smartphone,1528370673836000000,1.0
TCS3400 ALS,smartphone,1528370676901000000,4.0
TCS3400 ALS,smartphone,1528370677922000000,2.0
TCS3400 ALS,smartphone,1528370681397000000,1.0
TCS3400 ALS,smartphone,1528370682828000000,15.0
TCS3400 ALS,smartphone,1528370683032000000,0.0
TCS3400 ALS,smartphone,1528370683645000000,13.0
TCS3400 ALS,smartphone,1528370684258000000,1.0
TCS3400 ALS,smartphone,1528370688755000000,4.0
TCS3400 ALS,smartphone,1528370691002000000,1.0
TCS3400 ALS,smartphone,1528370691207000000,0.0
TCS3400 ALS,smartphone,1528370693250000000,4.0
TCS3400 ALS,smartphone,1528370693455000000,0.0
TCS3400 ALS,smartphone,1528370699790000000,1.0
TCS3400 ALS,smartphone,1528370700199000000,100.0
TCS3400 ALS,smartphone,1528370701630000000,6.0
TCS3400 ALS,smartphone,1528370702243000000,0.0
TCS3400 ALS,smartphone,1528370702651000000,4.0
TCS3400 ALS,smartphone,1528370704491000000,0.0
TCS3400 ALS,smartphone,1528370704899000000,1.0
TCS3400 ALS,smartphone,1528370705717000000,4.0
TCS3400 ALS,smartphone,1528370706535000000,6.0
TCS3400 ALS,smartphone,1528370706739000000,0.0
TCS3400 ALS,smartphone,1528370707352000000,1.0
TCS3400 ALS,smartphone,1528370708783000000,11.0
TCS3400 ALS,smartphone,1528370709396000000,27.0
TCS3400 ALS,smartphone,1528370710214000000,11.0
TCS3400 ALS,smartphone,1528370711031000000,1.0
TCS3400 ALS,smartphone,1528370711644000000,5.0
TCS3400 ALS,smartphone,1528370712461000000,15.0
TCS3400 ALS,smartphone,1528370712666000000,1.0
TCS3400 ALS,smartphone,1528370716344000000,0.0
TCS3400 ALS,smartphone,1528370719002000000,5.0
TCS3400 ALS,smartphone,1528370720841000000,1875.0
TCS3400 ALS,smartphone,1528370721045000000,32767.0
TCS3400 ALS,smartphone,1528370721454000000,6847.0
TCS3400 ALS,smartphone,1528370721658000000,14761.0
TCS3400 ALS,smartphone,1528370721863000000,32767.0
TCS3400 ALS,smartphone,1528370724519000000,20852.0
TCS3400 ALS,smartphone,1528370724723000000,32767.0
TCS3400 ALS,smartphone,1528370724928000000,11637.0
TCS3400 ALS,smartphone,1528370725133000000,10176.0
TCS3400 ALS,smartphone,1528370725337000000,5415.0
TCS3400 ALS,smartphone,1528370725541000000,11720.0
TCS3400 ALS,smartphone,1528370725746000000,6159.0
TCS3400 ALS,smartphone,1528370725950000000,6770.0
TCS3400 ALS,smartphone,1528370726155000000,494.0
TCS3400 ALS,smartphone,1528370726563000000,2086.0
TCS3400 ALS,smartphone,1528370726767000000,2392.0
TCS3400 ALS,smartphone,1528370727790000000,0.0
TCS3400 ALS,smartphone,1528370727965000000,0.0
TCS3400 ALS,smartphone,1528370728578000000,2.0
TCS3400 ALS,smartphone,1528370728782000000,0.0
TCS3400 ALS,smartphone,1528370730826000000,2.0
TCS3400 ALS,smartphone,1528370731030000000,0.0
TCS3400 ALS,smartphone,1528370764547000000,1.0
TCS3400 ALS,smartphone,1528370764956000000,0.0
TCS3400 ALS,smartphone,1528370765160000000,8.0
TCS3400 ALS,smartphone,1528370765569000000,0.0
TCS3400 ALS,smartphone,1528370769656000000,1.0
TCS3400 ALS,smartphone,1528370770066000000,0.0
TCS3400 ALS,smartphone,1528370771701000000,1.0
TCS3400 ALS,smartphone,1528370772314000000,4.0
TCS3400 ALS,smartphone,1528370772723000000,0.0
TCS3400 ALS,smartphone,1528370774766000000,2.0
TCS3400 ALS,smartphone,1528370775584000000,1.0
TCS3400 ALS,smartphone,1528370776606000000,0.0
TCS3400 ALS,smartphone,1528370777628000000,6.0
TCS3400 ALS,smartphone,1528370778037000000,0.0
TCS3400 ALS,smartphone,1528370778241000000,2.0
TCS3400 ALS,smartphone,1528370778649000000,5.0
TCS3400 ALS,smartphone,1528370778854000000,30.0
TCS3400 ALS,smartphone,1528370779058000000,4.0
TCS3400 ALS,smartphone,1528370779467000000,2.0
TCS3400 ALS,smartphone,1528370779876000000,0.0
TCS3400 ALS,smartphone,1528370780488000000,4.0
TCS3400 ALS,smartphone,1528370780693000000,2.0
TCS3400 ALS,smartphone,1528370781102000000,0.0
TCS3400 ALS,smartphone,1528370781306000000,1.0
TCS3400 ALS,smartphone,1528370781510000000,9.0
TCS3400 ALS,smartphone,1528370781715000000,8.0
TCS3400 ALS,smartphone,1528370781920000000,37.0
TCS3400 ALS,smartphone,1528370782123000000,13.0
TCS3400 ALS,smartphone,1528370782328000000,1.0
TCS3400 ALS,smartphone,1528370782532000000,4.0
TCS3400 ALS,smartphone,1528370782737000000,2.0
TCS3400 ALS,smartphone,1528370783145000000,9.0
TCS3400 ALS,smartphone,1528370783350000000,2.0
TCS3400 ALS,smartphone,1528370783759000000,1.0
TCS3400 ALS,smartphone,1528370783963000000,16.0
TCS3400 ALS,smartphone,1528370784167000000,1.0
TCS3400 ALS,smartphone,1528370784372000000,0.0
TCS3400 ALS,smartphone,1528370784576000000,1.0
TCS3400 ALS,smartphone,1528370785393000000,8.0
TCS3400 ALS,smartphone,1528370785803000000,2.0
TCS3400 ALS,smartphone,1528370786006000000,6.0
TCS3400 ALS,smartphone,1528370786415000000,0.0
TCS3400 ALS,smartphone,1528370786620000000,1.0
TCS3400 ALS,smartphone,1528370787029000000,0.0
TCS3400 ALS,smartphone,1528370787233000000,1.0
TCS3400 ALS,smartphone,1528370788459000000,0.0
TCS3400 ALS,smartphone,1528370788663000000,2.0
TCS3400 ALS,smartphone,1528370789072000000,0.0
TCS3400 ALS,smartphone,1528370789277000000,8.0
TCS3400 ALS,smartphone,1528370789686000000,0.0
TCS3400 ALS,smartphone,1528370794590000000,4.0
TCS3400 ALS,smartphone,1528370794999000000,1.0
TCS3400 ALS,smartphone,1528370795611000000,0.0
TCS3400 ALS,smartphone,1528370797247000000,2.0
TCS3400 ALS,smartphone,1528370797451000000,1.0
TCS3400 ALS,smartphone,1528370798473000000,9.0
TCS3400 ALS,smartphone,1528370798678000000,2.0
TCS3400 ALS,smartphone,1528370799086000000,13.0
TCS3400 ALS,smartphone,1528370799291000000,654.0
TCS3400 ALS,smartphone,1528370799495000000,1114.0
TCS3400 ALS,smartphone,1528370799699000000,3864.0
TCS3400 ALS,smartphone,1528370799904000000,2568.0
TCS3400 ALS,smartphone,1528370800108000000,1495.0
TCS3400 ALS,smartphone,1528370800313000000,788.0
TCS3400 ALS,smartphone,1528370800517000000,831.0
TCS3400 ALS,smartphone,1528370800721000000,795.0
TCS3400 ALS,smartphone,1528370800926000000,872.0
TCS3400 ALS,smartphone,1528370801130000000,897.0
TCS3400 ALS,smartphone,1528370801335000000,943.0
TCS3400 ALS,smartphone,1528370801538000000,971.0
TCS3400 ALS,smartphone,1528370801743000000,839.0
TCS3400 ALS,smartphone,1528370801947000000,875.0
TCS3400 ALS,smartphone,1528370802152000000,777.0
TCS3400 ALS,smartphone,1528370802356000000,771.0
TCS3400 ALS,smartphone,1528370802561000000,777.0
TCS3400 ALS,smartphone,1528370802765000000,690.0
TCS3400 ALS,smartphone,1528370802969000000,657.0
TCS3400 ALS,smartphone,1528370803173000000,585.0
TCS3400 ALS,smartphone,1528370803378000000,497.0
TCS3400 ALS,smartphone,1528370803582000000,476.0
